authors,avg(rating)
Dave Eggers,3.840050505050505
Tracy Chevalier,4.133333333333334
